instrument_id	display_name	category	folder_relpath	sfz_relpath	zones_file	zone_count
aerophones_edge_blown_aerophones_ball_whistle	Ball Whistle	Aerophones/Edge-blown Aerophones	Aerophones/Edge-blown Aerophones/Ball Whistle	Aerophones/Edge-blown Aerophones/Ball Whistle.sfz	../instruments/VCSL-1.2.2-RC/Aerophones/Edge-blown Aerophones/Ball Whistle/tables/aerophones_edge_blown_aerophones_ball_whistle.zones.tsv	2
aerophones_edge_blown_aerophones_baroque_alto_recorder_keyswitch	Baroque Alto Recorder - Keyswitch	Aerophones/Edge-blown Aerophones	Aerophones/Edge-blown Aerophones/Baroque Alto Recorder	Aerophones/Edge-blown Aerophones/Baroque Alto Recorder - Keyswitch.sfz	../instruments/VCSL-1.2.2-RC/Aerophones/Edge-blown Aerophones/Baroque Alto Recorder/tables/aerophones_edge_blown_aerophones_baroque_alto_recorder_keyswitch.zones.tsv	36
aerophones_edge_blown_aerophones_baroque_alto_recorder_staccato	Baroque Alto Recorder - Staccato	Aerophones/Edge-blown Aerophones	Aerophones/Edge-blown Aerophones/Baroque Alto Recorder	Aerophones/Edge-blown Aerophones/Baroque Alto Recorder - Staccato.sfz	../instruments/VCSL-1.2.2-RC/Aerophones/Edge-blown Aerophones/Baroque Alto Recorder/tables/aerophones_edge_blown_aerophones_baroque_alto_recorder_staccato.zones.tsv	12
aerophones_edge_blown_aerophones_baroque_alto_recorder_susvib	Baroque Alto Recorder - SusVib	Aerophones/Edge-blown Aerophones	Aerophones/Edge-blown Aerophones/Baroque Alto Recorder	Aerophones/Edge-blown Aerophones/Baroque Alto Recorder - SusVib.sfz	../instruments/VCSL-1.2.2-RC/Aerophones/Edge-blown Aerophones/Baroque Alto Recorder/tables/aerophones_edge_blown_aerophones_baroque_alto_recorder_susvib.zones.tsv	12
aerophones_edge_blown_aerophones_baroque_alto_recorder_sustain	Baroque Alto Recorder - Sustain	Aerophones/Edge-blown Aerophones	Aerophones/Edge-blown Aerophones/Baroque Alto Recorder	Aerophones/Edge-blown Aerophones/Baroque Alto Recorder - Sustain.sfz	../instruments/VCSL-1.2.2-RC/Aerophones/Edge-blown Aerophones/Baroque Alto Recorder/tables/aerophones_edge_blown_aerophones_baroque_alto_recorder_sustain.zones.tsv	12
aerophones_edge_blown_aerophones_baroque_bass_recorder_keyswitch	Baroque Bass Recorder - Keyswitch	Aerophones/Edge-blown Aerophones	Aerophones/Edge-blown Aerophones/Baroque Bass Recorder	Aerophones/Edge-blown Aerophones/Baroque Bass Recorder - Keyswitch.sfz	../instruments/VCSL-1.2.2-RC/Aerophones/Edge-blown Aerophones/Baroque Bass Recorder/tables/aerophones_edge_blown_aerophones_baroque_bass_recorder_keyswitch.zones.tsv	41
aerophones_edge_blown_aerophones_baroque_bass_recorder_staccato	Baroque Bass Recorder - Staccato	Aerophones/Edge-blown Aerophones	Aerophones/Edge-blown Aerophones/Baroque Bass Recorder	Aerophones/Edge-blown Aerophones/Baroque Bass Recorder - Staccato.sfz	../instruments/VCSL-1.2.2-RC/Aerophones/Edge-blown Aerophones/Baroque Bass Recorder/tables/aerophones_edge_blown_aerophones_baroque_bass_recorder_staccato.zones.tsv	15
aerophones_edge_blown_aerophones_baroque_bass_recorder_susvib	Baroque Bass Recorder - SusVib	Aerophones/Edge-blown Aerophones	Aerophones/Edge-blown Aerophones/Baroque Bass Recorder	Aerophones/Edge-blown Aerophones/Baroque Bass Recorder - SusVib.sfz	../instruments/VCSL-1.2.2-RC/Aerophones/Edge-blown Aerophones/Baroque Bass Recorder/tables/aerophones_edge_blown_aerophones_baroque_bass_recorder_susvib.zones.tsv	14
aerophones_edge_blown_aerophones_baroque_bass_recorder_sustain	Baroque Bass Recorder - Sustain	Aerophones/Edge-blown Aerophones	Aerophones/Edge-blown Aerophones/Baroque Bass Recorder	Aerophones/Edge-blown Aerophones/Baroque Bass Recorder - Sustain.sfz	../instruments/VCSL-1.2.2-RC/Aerophones/Edge-blown Aerophones/Baroque Bass Recorder/tables/aerophones_edge_blown_aerophones_baroque_bass_recorder_sustain.zones.tsv	12
aerophones_edge_blown_aerophones_baroque_soprano_recorder_keyswitch	Baroque Soprano Recorder - Keyswitch	Aerophones/Edge-blown Aerophones	Aerophones/Edge-blown Aerophones/Baroque Soprano Recorder	Aerophones/Edge-blown Aerophones/Baroque Soprano Recorder - Keyswitch.sfz	../instruments/VCSL-1.2.2-RC/Aerophones/Edge-blown Aerophones/Baroque Soprano Recorder/tables/aerophones_edge_blown_aerophones_baroque_soprano_recorder_keyswitch.zones.tsv	25
aerophones_edge_blown_aerophones_baroque_soprano_recorder_staccato	Baroque Soprano Recorder - Staccato	Aerophones/Edge-blown Aerophones	Aerophones/Edge-blown Aerophones/Baroque Soprano Recorder	Aerophones/Edge-blown Aerophones/Baroque Soprano Recorder - Staccato.sfz	../instruments/VCSL-1.2.2-RC/Aerophones/Edge-blown Aerophones/Baroque Soprano Recorder/tables/aerophones_edge_blown_aerophones_baroque_soprano_recorder_staccato.zones.tsv	12
aerophones_edge_blown_aerophones_baroque_soprano_recorder_sustain	Baroque Soprano Recorder - Sustain	Aerophones/Edge-blown Aerophones	Aerophones/Edge-blown Aerophones/Baroque Soprano Recorder	Aerophones/Edge-blown Aerophones/Baroque Soprano Recorder - Sustain.sfz	../instruments/VCSL-1.2.2-RC/Aerophones/Edge-blown Aerophones/Baroque Soprano Recorder/tables/aerophones_edge_blown_aerophones_baroque_soprano_recorder_sustain.zones.tsv	13
aerophones_edge_blown_aerophones_baroque_tenor_recorder_keyswitch	Baroque Tenor Recorder - Keyswitch	Aerophones/Edge-blown Aerophones	Aerophones/Edge-blown Aerophones/Baroque Tenor Recorder	Aerophones/Edge-blown Aerophones/Baroque Tenor Recorder - Keyswitch.sfz	../instruments/VCSL-1.2.2-RC/Aerophones/Edge-blown Aerophones/Baroque Tenor Recorder/tables/aerophones_edge_blown_aerophones_baroque_tenor_recorder_keyswitch.zones.tsv	39
aerophones_edge_blown_aerophones_baroque_tenor_recorder_staccato	Baroque Tenor Recorder - Staccato	Aerophones/Edge-blown Aerophones	Aerophones/Edge-blown Aerophones/Baroque Tenor Recorder	Aerophones/Edge-blown Aerophones/Baroque Tenor Recorder - Staccato.sfz	../instruments/VCSL-1.2.2-RC/Aerophones/Edge-blown Aerophones/Baroque Tenor Recorder/tables/aerophones_edge_blown_aerophones_baroque_tenor_recorder_staccato.zones.tsv	12
aerophones_edge_blown_aerophones_baroque_tenor_recorder_susvib	Baroque Tenor Recorder - SusVib	Aerophones/Edge-blown Aerophones	Aerophones/Edge-blown Aerophones/Baroque Tenor Recorder	Aerophones/Edge-blown Aerophones/Baroque Tenor Recorder - SusVib.sfz	../instruments/VCSL-1.2.2-RC/Aerophones/Edge-blown Aerophones/Baroque Tenor Recorder/tables/aerophones_edge_blown_aerophones_baroque_tenor_recorder_susvib.zones.tsv	14
aerophones_edge_blown_aerophones_baroque_tenor_recorder_sustain	Baroque Tenor Recorder - Sustain	Aerophones/Edge-blown Aerophones	Aerophones/Edge-blown Aerophones/Baroque Tenor Recorder	Aerophones/Edge-blown Aerophones/Baroque Tenor Recorder - Sustain.sfz	../instruments/VCSL-1.2.2-RC/Aerophones/Edge-blown Aerophones/Baroque Tenor Recorder/tables/aerophones_edge_blown_aerophones_baroque_tenor_recorder_sustain.zones.tsv	13
aerophones_edge_blown_aerophones_ocarina_small_keyswitch	Ocarina, Small - Keyswitch	Aerophones/Edge-blown Aerophones	Aerophones/Edge-blown Aerophones/Ocarina, Small	Aerophones/Edge-blown Aerophones/Ocarina, Small - Keyswitch.sfz	../instruments/VCSL-1.2.2-RC/Aerophones/Edge-blown Aerophones/Ocarina, Small/tables/aerophones_edge_blown_aerophones_ocarina_small_keyswitch.zones.tsv	23
aerophones_edge_blown_aerophones_ocarina_small_staccato	Ocarina, Small - Staccato	Aerophones/Edge-blown Aerophones	Aerophones/Edge-blown Aerophones/Ocarina, Small	Aerophones/Edge-blown Aerophones/Ocarina, Small - Staccato.sfz	../instruments/VCSL-1.2.2-RC/Aerophones/Edge-blown Aerophones/Ocarina, Small/tables/aerophones_edge_blown_aerophones_ocarina_small_staccato.zones.tsv	13
aerophones_edge_blown_aerophones_ocarina_small_sustain	Ocarina, Small - Sustain	Aerophones/Edge-blown Aerophones	Aerophones/Edge-blown Aerophones/Ocarina, Small	Aerophones/Edge-blown Aerophones/Ocarina, Small - Sustain.sfz	../instruments/VCSL-1.2.2-RC/Aerophones/Edge-blown Aerophones/Ocarina, Small/tables/aerophones_edge_blown_aerophones_ocarina_small_sustain.zones.tsv	10
aerophones_edge_blown_aerophones_ocarina_typical_keyswitch	Ocarina, Typical - Keyswitch	Aerophones/Edge-blown Aerophones	Aerophones/Edge-blown Aerophones/Ocarina, Typical	Aerophones/Edge-blown Aerophones/Ocarina, Typical - Keyswitch.sfz	../instruments/VCSL-1.2.2-RC/Aerophones/Edge-blown Aerophones/Ocarina, Typical/tables/aerophones_edge_blown_aerophones_ocarina_typical_keyswitch.zones.tsv	42
aerophones_edge_blown_aerophones_ocarina_typical_sus	Ocarina, Typical - Sus	Aerophones/Edge-blown Aerophones	Aerophones/Edge-blown Aerophones/Ocarina, Typical	Aerophones/Edge-blown Aerophones/Ocarina, Typical - Sus.sfz	../instruments/VCSL-1.2.2-RC/Aerophones/Edge-blown Aerophones/Ocarina, Typical/tables/aerophones_edge_blown_aerophones_ocarina_typical_sus.zones.tsv	22
aerophones_edge_blown_aerophones_ocarina_typical_susvib	Ocarina, Typical - SusVib	Aerophones/Edge-blown Aerophones	Aerophones/Edge-blown Aerophones/Ocarina, Typical	Aerophones/Edge-blown Aerophones/Ocarina, Typical - SusVib.sfz	../instruments/VCSL-1.2.2-RC/Aerophones/Edge-blown Aerophones/Ocarina, Typical/tables/aerophones_edge_blown_aerophones_ocarina_typical_susvib.zones.tsv	20
aerophones_edge_blown_aerophones_pipe_organ_keyswitch	Pipe Organ - Keyswitch	Aerophones/Edge-blown Aerophones	Aerophones/Edge-blown Aerophones/Pipe Organ	Aerophones/Edge-blown Aerophones/Pipe Organ - Keyswitch.sfz	../instruments/VCSL-1.2.2-RC/Aerophones/Edge-blown Aerophones/Pipe Organ/tables/aerophones_edge_blown_aerophones_pipe_organ_keyswitch.zones.tsv	64
aerophones_edge_blown_aerophones_pipe_organ_loud_pedal	Pipe Organ - Loud Pedal	Aerophones/Edge-blown Aerophones	Aerophones/Edge-blown Aerophones/Pipe Organ	Aerophones/Edge-blown Aerophones/Pipe Organ - Loud Pedal.sfz	../instruments/VCSL-1.2.2-RC/Aerophones/Edge-blown Aerophones/Pipe Organ/tables/aerophones_edge_blown_aerophones_pipe_organ_loud_pedal.zones.tsv	11
aerophones_edge_blown_aerophones_pipe_organ_loud	Pipe Organ - Loud	Aerophones/Edge-blown Aerophones	Aerophones/Edge-blown Aerophones/Pipe Organ	Aerophones/Edge-blown Aerophones/Pipe Organ - Loud.sfz	../instruments/VCSL-1.2.2-RC/Aerophones/Edge-blown Aerophones/Pipe Organ/tables/aerophones_edge_blown_aerophones_pipe_organ_loud.zones.tsv	21
aerophones_edge_blown_aerophones_pipe_organ_quiet_pedal	Pipe Organ - Quiet Pedal	Aerophones/Edge-blown Aerophones	Aerophones/Edge-blown Aerophones/Pipe Organ	Aerophones/Edge-blown Aerophones/Pipe Organ - Quiet Pedal.sfz	../instruments/VCSL-1.2.2-RC/Aerophones/Edge-blown Aerophones/Pipe Organ/tables/aerophones_edge_blown_aerophones_pipe_organ_quiet_pedal.zones.tsv	11
aerophones_edge_blown_aerophones_pipe_organ_quiet	Pipe Organ - Quiet	Aerophones/Edge-blown Aerophones	Aerophones/Edge-blown Aerophones/Pipe Organ	Aerophones/Edge-blown Aerophones/Pipe Organ - Quiet.sfz	../instruments/VCSL-1.2.2-RC/Aerophones/Edge-blown Aerophones/Pipe Organ/tables/aerophones_edge_blown_aerophones_pipe_organ_quiet.zones.tsv	21
aerophones_edge_blown_aerophones_renaissance_organ_4_8	Renaissance Organ - 4'+8'	Aerophones/Edge-blown Aerophones	Aerophones/Edge-blown Aerophones/Renaissance Organ	Aerophones/Edge-blown Aerophones/Renaissance Organ - 4'+8'.sfz	../instruments/VCSL-1.2.2-RC/Aerophones/Edge-blown Aerophones/Renaissance Organ/tables/aerophones_edge_blown_aerophones_renaissance_organ_4_8.zones.tsv	54
aerophones_edge_blown_aerophones_renaissance_organ_4	Renaissance Organ - 4'	Aerophones/Edge-blown Aerophones	Aerophones/Edge-blown Aerophones/Renaissance Organ	Aerophones/Edge-blown Aerophones/Renaissance Organ - 4'.sfz	../instruments/VCSL-1.2.2-RC/Aerophones/Edge-blown Aerophones/Renaissance Organ/tables/aerophones_edge_blown_aerophones_renaissance_organ_4.zones.tsv	27
aerophones_edge_blown_aerophones_renaissance_organ_8	Renaissance Organ - 8'	Aerophones/Edge-blown Aerophones	Aerophones/Edge-blown Aerophones/Renaissance Organ	Aerophones/Edge-blown Aerophones/Renaissance Organ - 8'.sfz	../instruments/VCSL-1.2.2-RC/Aerophones/Edge-blown Aerophones/Renaissance Organ/tables/aerophones_edge_blown_aerophones_renaissance_organ_8.zones.tsv	27
aerophones_edge_blown_aerophones_renaissance_organ_full	Renaissance Organ - Full	Aerophones/Edge-blown Aerophones	Aerophones/Edge-blown Aerophones/Renaissance Organ	Aerophones/Edge-blown Aerophones/Renaissance Organ - Full.sfz	../instruments/VCSL-1.2.2-RC/Aerophones/Edge-blown Aerophones/Renaissance Organ/tables/aerophones_edge_blown_aerophones_renaissance_organ_full.zones.tsv	27
aerophones_edge_blown_aerophones_renaissance_organ_keyswitch	Renaissance Organ - Keyswitch	Aerophones/Edge-blown Aerophones	Aerophones/Edge-blown Aerophones/Renaissance Organ	Aerophones/Edge-blown Aerophones/Renaissance Organ - Keyswitch.sfz	../instruments/VCSL-1.2.2-RC/Aerophones/Edge-blown Aerophones/Renaissance Organ/tables/aerophones_edge_blown_aerophones_renaissance_organ_keyswitch.zones.tsv	135
aerophones_edge_blown_aerophones_train_whistle_toy	Train Whistle, Toy	Aerophones/Edge-blown Aerophones	Aerophones/Edge-blown Aerophones/Train Whistle, Toy	Aerophones/Edge-blown Aerophones/Train Whistle, Toy.sfz	../instruments/VCSL-1.2.2-RC/Aerophones/Edge-blown Aerophones/Train Whistle, Toy/tables/aerophones_edge_blown_aerophones_train_whistle_toy.zones.tsv	6
aerophones_free_aerophones_harmonica_hohner_special20_c_keyswitch	Harmonica-Hohner-Special20-C - Keyswitch	Aerophones/Free Aerophones	Aerophones/Free Aerophones/Harmonica-Hohner-Special20-C	Aerophones/Free Aerophones/Harmonica-Hohner-Special20-C - Keyswitch.sfz	../instruments/VCSL-1.2.2-RC/Aerophones/Free Aerophones/Harmonica-Hohner-Special20-C/tables/aerophones_free_aerophones_harmonica_hohner_special20_c_keyswitch.zones.tsv	58
aerophones_free_aerophones_harmonica_hohner_special20_c_normal	Harmonica-Hohner-Special20-C - Normal	Aerophones/Free Aerophones	Aerophones/Free Aerophones/Harmonica-Hohner-Special20-C	Aerophones/Free Aerophones/Harmonica-Hohner-Special20-C - Normal.sfz	../instruments/VCSL-1.2.2-RC/Aerophones/Free Aerophones/Harmonica-Hohner-Special20-C/tables/aerophones_free_aerophones_harmonica_hohner_special20_c_normal.zones.tsv	18
aerophones_free_aerophones_harmonica_hohner_special20_c_soft	Harmonica-Hohner-Special20-C - Soft	Aerophones/Free Aerophones	Aerophones/Free Aerophones/Harmonica-Hohner-Special20-C	Aerophones/Free Aerophones/Harmonica-Hohner-Special20-C - Soft.sfz	../instruments/VCSL-1.2.2-RC/Aerophones/Free Aerophones/Harmonica-Hohner-Special20-C/tables/aerophones_free_aerophones_harmonica_hohner_special20_c_soft.zones.tsv	20
aerophones_free_aerophones_harmonica_hohner_special20_c_vib	Harmonica-Hohner-Special20-C - Vib	Aerophones/Free Aerophones	Aerophones/Free Aerophones/Harmonica-Hohner-Special20-C	Aerophones/Free Aerophones/Harmonica-Hohner-Special20-C - Vib.sfz	../instruments/VCSL-1.2.2-RC/Aerophones/Free Aerophones/Harmonica-Hohner-Special20-C/tables/aerophones_free_aerophones_harmonica_hohner_special20_c_vib.zones.tsv	20
aerophones_free_aerophones_harmonica_hohner_special20_f_accented	Harmonica-Hohner-Special20-F - Accented	Aerophones/Free Aerophones	Aerophones/Free Aerophones/Harmonica-Hohner-Special20-F	Aerophones/Free Aerophones/Harmonica-Hohner-Special20-F - Accented.sfz	../instruments/VCSL-1.2.2-RC/Aerophones/Free Aerophones/Harmonica-Hohner-Special20-F/tables/aerophones_free_aerophones_harmonica_hohner_special20_f_accented.zones.tsv	20
aerophones_free_aerophones_harmonica_hohner_special20_f_handvib	Harmonica-Hohner-Special20-F - HandVib	Aerophones/Free Aerophones	Aerophones/Free Aerophones/Harmonica-Hohner-Special20-F	Aerophones/Free Aerophones/Harmonica-Hohner-Special20-F - HandVib.sfz	../instruments/VCSL-1.2.2-RC/Aerophones/Free Aerophones/Harmonica-Hohner-Special20-F/tables/aerophones_free_aerophones_harmonica_hohner_special20_f_handvib.zones.tsv	20
aerophones_free_aerophones_harmonica_hohner_special20_f_keyswitch	Harmonica-Hohner-Special20-F - Keyswitch	Aerophones/Free Aerophones	Aerophones/Free Aerophones/Harmonica-Hohner-Special20-F	Aerophones/Free Aerophones/Harmonica-Hohner-Special20-F - Keyswitch.sfz	../instruments/VCSL-1.2.2-RC/Aerophones/Free Aerophones/Harmonica-Hohner-Special20-F/tables/aerophones_free_aerophones_harmonica_hohner_special20_f_keyswitch.zones.tsv	94
aerophones_free_aerophones_harmonica_hohner_special20_f_normal	Harmonica-Hohner-Special20-F - Normal	Aerophones/Free Aerophones	Aerophones/Free Aerophones/Harmonica-Hohner-Special20-F	Aerophones/Free Aerophones/Harmonica-Hohner-Special20-F - Normal.sfz	../instruments/VCSL-1.2.2-RC/Aerophones/Free Aerophones/Harmonica-Hohner-Special20-F/tables/aerophones_free_aerophones_harmonica_hohner_special20_f_normal.zones.tsv	16
aerophones_free_aerophones_harmonica_hohner_special20_f_stac	Harmonica-Hohner-Special20-F - Stac	Aerophones/Free Aerophones	Aerophones/Free Aerophones/Harmonica-Hohner-Special20-F	Aerophones/Free Aerophones/Harmonica-Hohner-Special20-F - Stac.sfz	../instruments/VCSL-1.2.2-RC/Aerophones/Free Aerophones/Harmonica-Hohner-Special20-F/tables/aerophones_free_aerophones_harmonica_hohner_special20_f_stac.zones.tsv	20
aerophones_free_aerophones_harmonica_hohner_special20_f_vib	Harmonica-Hohner-Special20-F - Vib	Aerophones/Free Aerophones	Aerophones/Free Aerophones/Harmonica-Hohner-Special20-F	Aerophones/Free Aerophones/Harmonica-Hohner-Special20-F - Vib.sfz	../instruments/VCSL-1.2.2-RC/Aerophones/Free Aerophones/Harmonica-Hohner-Special20-F/tables/aerophones_free_aerophones_harmonica_hohner_special20_f_vib.zones.tsv	18
aerophones_free_aerophones_harmonica_hohner_super64_accented	Harmonica-Hohner-Super64 - Accented	Aerophones/Free Aerophones	Aerophones/Free Aerophones/Harmonica-Hohner-Super64	Aerophones/Free Aerophones/Harmonica-Hohner-Super64 - Accented.sfz	../instruments/VCSL-1.2.2-RC/Aerophones/Free Aerophones/Harmonica-Hohner-Super64/tables/aerophones_free_aerophones_harmonica_hohner_super64_accented.zones.tsv	26
aerophones_free_aerophones_harmonica_hohner_super64_keyswitch	Harmonica-Hohner-Super64 - Keyswitch	Aerophones/Free Aerophones	Aerophones/Free Aerophones/Harmonica-Hohner-Super64	Aerophones/Free Aerophones/Harmonica-Hohner-Super64 - Keyswitch.sfz	../instruments/VCSL-1.2.2-RC/Aerophones/Free Aerophones/Harmonica-Hohner-Super64/tables/aerophones_free_aerophones_harmonica_hohner_super64_keyswitch.zones.tsv	78
aerophones_free_aerophones_harmonica_hohner_super64_normal	Harmonica-Hohner-Super64 - Normal	Aerophones/Free Aerophones	Aerophones/Free Aerophones/Harmonica-Hohner-Super64	Aerophones/Free Aerophones/Harmonica-Hohner-Super64 - Normal.sfz	../instruments/VCSL-1.2.2-RC/Aerophones/Free Aerophones/Harmonica-Hohner-Super64/tables/aerophones_free_aerophones_harmonica_hohner_super64_normal.zones.tsv	26
aerophones_free_aerophones_harmonica_hohner_super64_vib	Harmonica-Hohner-Super64 - Vib	Aerophones/Free Aerophones	Aerophones/Free Aerophones/Harmonica-Hohner-Super64	Aerophones/Free Aerophones/Harmonica-Hohner-Super64 - Vib.sfz	../instruments/VCSL-1.2.2-RC/Aerophones/Free Aerophones/Harmonica-Hohner-Super64/tables/aerophones_free_aerophones_harmonica_hohner_super64_vib.zones.tsv	26
aerophones_free_aerophones_siren	Siren	Aerophones/Free Aerophones	Aerophones/Free Aerophones/Siren	Aerophones/Free Aerophones/Siren.sfz	../instruments/VCSL-1.2.2-RC/Aerophones/Free Aerophones/Siren/tables/aerophones_free_aerophones_siren.zones.tsv	5
aerophones_lip_aerophones_didgeridoo	Didgeridoo	Aerophones/Lip Aerophones	Aerophones/Lip Aerophones/Didgeridoo	Aerophones/Lip Aerophones/Didgeridoo.sfz	../instruments/VCSL-1.2.2-RC/Aerophones/Lip Aerophones/Didgeridoo/tables/aerophones_lip_aerophones_didgeridoo.zones.tsv	12
aerophones_reed_aerophones_saxello_keyswitch	Saxello - Keyswitch	Aerophones/Reed Aerophones	Aerophones/Reed Aerophones/Saxello	Aerophones/Reed Aerophones/Saxello - Keyswitch.sfz	../instruments/VCSL-1.2.2-RC/Aerophones/Reed Aerophones/Saxello/tables/aerophones_reed_aerophones_saxello_keyswitch.zones.tsv	39
aerophones_reed_aerophones_saxello_non_vibrato	Saxello - Non-Vibrato	Aerophones/Reed Aerophones	Aerophones/Reed Aerophones/Saxello	Aerophones/Reed Aerophones/Saxello - Non-Vibrato.sfz	../instruments/VCSL-1.2.2-RC/Aerophones/Reed Aerophones/Saxello/tables/aerophones_reed_aerophones_saxello_non_vibrato.zones.tsv	16
aerophones_reed_aerophones_saxello_staccato	Saxello - Staccato	Aerophones/Reed Aerophones	Aerophones/Reed Aerophones/Saxello	Aerophones/Reed Aerophones/Saxello - Staccato.sfz	../instruments/VCSL-1.2.2-RC/Aerophones/Reed Aerophones/Saxello/tables/aerophones_reed_aerophones_saxello_staccato.zones.tsv	15
aerophones_reed_aerophones_saxello_vibrato	Saxello - Vibrato	Aerophones/Reed Aerophones	Aerophones/Reed Aerophones/Saxello	Aerophones/Reed Aerophones/Saxello - Vibrato.sfz	../instruments/VCSL-1.2.2-RC/Aerophones/Reed Aerophones/Saxello/tables/aerophones_reed_aerophones_saxello_vibrato.zones.tsv	8
aerophones_reed_aerophones_tenor_saxophone_keyswitch	Tenor Saxophone - Keyswitch	Aerophones/Reed Aerophones	Aerophones/Reed Aerophones/Tenor Saxophone	Aerophones/Reed Aerophones/Tenor Saxophone - Keyswitch.sfz	../instruments/VCSL-1.2.2-RC/Aerophones/Reed Aerophones/Tenor Saxophone/tables/aerophones_reed_aerophones_tenor_saxophone_keyswitch.zones.tsv	105
aerophones_reed_aerophones_tenor_saxophone_non_vibrato	Tenor Saxophone - Non-Vibrato	Aerophones/Reed Aerophones	Aerophones/Reed Aerophones/Tenor Saxophone	Aerophones/Reed Aerophones/Tenor Saxophone - Non-Vibrato.sfz	../instruments/VCSL-1.2.2-RC/Aerophones/Reed Aerophones/Tenor Saxophone/tables/aerophones_reed_aerophones_tenor_saxophone_non_vibrato.zones.tsv	46
aerophones_reed_aerophones_tenor_saxophone_staccato	Tenor Saxophone - Staccato	Aerophones/Reed Aerophones	Aerophones/Reed Aerophones/Tenor Saxophone	Aerophones/Reed Aerophones/Tenor Saxophone - Staccato.sfz	../instruments/VCSL-1.2.2-RC/Aerophones/Reed Aerophones/Tenor Saxophone/tables/aerophones_reed_aerophones_tenor_saxophone_staccato.zones.tsv	40
aerophones_reed_aerophones_tenor_saxophone_vibrato	Tenor Saxophone - Vibrato	Aerophones/Reed Aerophones	Aerophones/Reed Aerophones/Tenor Saxophone	Aerophones/Reed Aerophones/Tenor Saxophone - Vibrato.sfz	../instruments/VCSL-1.2.2-RC/Aerophones/Reed Aerophones/Tenor Saxophone/tables/aerophones_reed_aerophones_tenor_saxophone_vibrato.zones.tsv	19
chordophones_composite_chordophones_concert_harp	Concert Harp	Chordophones/Composite Chordophones	Chordophones/Composite Chordophones/Concert Harp	Chordophones/Composite Chordophones/Concert Harp.sfz	../instruments/VCSL-1.2.2-RC/Chordophones/Composite Chordophones/Concert Harp/tables/chordophones_composite_chordophones_concert_harp.zones.tsv	45
chordophones_composite_chordophones_folk_harp	Folk Harp	Chordophones/Composite Chordophones	Chordophones/Composite Chordophones/Folk Harp	Chordophones/Composite Chordophones/Folk Harp.sfz	../instruments/VCSL-1.2.2-RC/Chordophones/Composite Chordophones/Folk Harp/tables/chordophones_composite_chordophones_folk_harp.zones.tsv	58
chordophones_composite_chordophones_strumstick	Strumstick	Chordophones/Composite Chordophones	Chordophones/Composite Chordophones/Strumstick	Chordophones/Composite Chordophones/Strumstick.sfz	../instruments/VCSL-1.2.2-RC/Chordophones/Composite Chordophones/Strumstick/tables/chordophones_composite_chordophones_strumstick.zones.tsv	57
chordophones_zithers_dan_tranh_fx	Dan Tranh - FX	Chordophones/Zithers	Chordophones/Zithers/Dan Tranh	Chordophones/Zithers/Dan Tranh - FX.sfz	../instruments/VCSL-1.2.2-RC/Chordophones/Zithers/Dan Tranh/tables/chordophones_zithers_dan_tranh_fx.zones.tsv	7
chordophones_zithers_dan_tranh_gliss	Dan Tranh - Gliss	Chordophones/Zithers	Chordophones/Zithers/Dan Tranh	Chordophones/Zithers/Dan Tranh - Gliss.sfz	../instruments/VCSL-1.2.2-RC/Chordophones/Zithers/Dan Tranh/tables/chordophones_zithers_dan_tranh_gliss.zones.tsv	12
chordophones_zithers_dan_tranh_keyswitch	Dan Tranh - Keyswitch	Chordophones/Zithers	Chordophones/Zithers/Dan Tranh	Chordophones/Zithers/Dan Tranh - Keyswitch.sfz	../instruments/VCSL-1.2.2-RC/Chordophones/Zithers/Dan Tranh/tables/chordophones_zithers_dan_tranh_keyswitch.zones.tsv	115
chordophones_zithers_dan_tranh_normal	Dan Tranh - Normal	Chordophones/Zithers	Chordophones/Zithers/Dan Tranh	Chordophones/Zithers/Dan Tranh - Normal.sfz	../instruments/VCSL-1.2.2-RC/Chordophones/Zithers/Dan Tranh/tables/chordophones_zithers_dan_tranh_normal.zones.tsv	48
chordophones_zithers_dan_tranh_tremolo	Dan Tranh - Tremolo	Chordophones/Zithers	Chordophones/Zithers/Dan Tranh	Chordophones/Zithers/Dan Tranh - Tremolo.sfz	../instruments/VCSL-1.2.2-RC/Chordophones/Zithers/Dan Tranh/tables/chordophones_zithers_dan_tranh_tremolo.zones.tsv	16
chordophones_zithers_dan_tranh_vibrato	Dan Tranh - Vibrato	Chordophones/Zithers	Chordophones/Zithers/Dan Tranh	Chordophones/Zithers/Dan Tranh - Vibrato.sfz	../instruments/VCSL-1.2.2-RC/Chordophones/Zithers/Dan Tranh/tables/chordophones_zithers_dan_tranh_vibrato.zones.tsv	32
chordophones_zithers_grand_piano_kawai_legacy	Grand Piano, Kawai - Legacy	Chordophones/Zithers	Chordophones/Zithers/Grand Piano, Kawai - Legacy	Chordophones/Zithers/Grand Piano, Kawai - Legacy.sfz	../instruments/VCSL-1.2.2-RC/Chordophones/Zithers/Grand Piano, Kawai - Legacy/tables/chordophones_zithers_grand_piano_kawai_legacy.zones.tsv	126
chordophones_zithers_grand_piano_kawai	Grand Piano, Kawai	Chordophones/Zithers	Chordophones/Zithers/Grand Piano, Kawai	Chordophones/Zithers/Grand Piano, Kawai.sfz	../instruments/VCSL-1.2.2-RC/Chordophones/Zithers/Grand Piano, Kawai/tables/chordophones_zithers_grand_piano_kawai.zones.tsv	222
chordophones_zithers_grand_piano_steinway_b	Grand Piano, Steinway B	Chordophones/Zithers	Chordophones/Zithers/Grand Piano, Steinway B	Chordophones/Zithers/Grand Piano, Steinway B.sfz	../instruments/VCSL-1.2.2-RC/Chordophones/Zithers/Grand Piano, Steinway B/tables/chordophones_zithers_grand_piano_steinway_b.zones.tsv	351
chordophones_zithers_harpsichord_english_keyswitch	Harpsichord, English - Keyswitch	Chordophones/Zithers	Chordophones/Zithers/Harpsichord, English	Chordophones/Zithers/Harpsichord, English - Keyswitch.sfz	../instruments/VCSL-1.2.2-RC/Chordophones/Zithers/Harpsichord, English/tables/chordophones_zithers_harpsichord_english_keyswitch.zones.tsv	107
chordophones_zithers_harpsichord_english_lute	Harpsichord, English - Lute	Chordophones/Zithers	Chordophones/Zithers/Harpsichord, English	Chordophones/Zithers/Harpsichord, English - Lute.sfz	../instruments/VCSL-1.2.2-RC/Chordophones/Zithers/Harpsichord, English/tables/chordophones_zithers_harpsichord_english_lute.zones.tsv	53
chordophones_zithers_harpsichord_english_normal	Harpsichord, English - Normal	Chordophones/Zithers	Chordophones/Zithers/Harpsichord, English	Chordophones/Zithers/Harpsichord, English - Normal.sfz	../instruments/VCSL-1.2.2-RC/Chordophones/Zithers/Harpsichord, English/tables/chordophones_zithers_harpsichord_english_normal.zones.tsv	54
chordophones_zithers_harpsichord_flemish_4	Harpsichord, Flemish - 4'	Chordophones/Zithers	Chordophones/Zithers/Harpsichord, Flemish	Chordophones/Zithers/Harpsichord, Flemish - 4'.sfz	../instruments/VCSL-1.2.2-RC/Chordophones/Zithers/Harpsichord, Flemish/tables/chordophones_zithers_harpsichord_flemish_4.zones.tsv	52
chordophones_zithers_harpsichord_flemish_8	Harpsichord, Flemish - 8'	Chordophones/Zithers	Chordophones/Zithers/Harpsichord, Flemish	Chordophones/Zithers/Harpsichord, Flemish - 8'.sfz	../instruments/VCSL-1.2.2-RC/Chordophones/Zithers/Harpsichord, Flemish/tables/chordophones_zithers_harpsichord_flemish_8.zones.tsv	56
chordophones_zithers_harpsichord_flemish_full	Harpsichord, Flemish - Full	Chordophones/Zithers	Chordophones/Zithers/Harpsichord, Flemish	Chordophones/Zithers/Harpsichord, Flemish - Full.sfz	../instruments/VCSL-1.2.2-RC/Chordophones/Zithers/Harpsichord, Flemish/tables/chordophones_zithers_harpsichord_flemish_full.zones.tsv	108
chordophones_zithers_harpsichord_flemish_keyswitch	Harpsichord, Flemish - Keyswitch	Chordophones/Zithers	Chordophones/Zithers/Harpsichord, Flemish	Chordophones/Zithers/Harpsichord, Flemish - Keyswitch.sfz	../instruments/VCSL-1.2.2-RC/Chordophones/Zithers/Harpsichord, Flemish/tables/chordophones_zithers_harpsichord_flemish_keyswitch.zones.tsv	216
chordophones_zithers_harpsichord_french	Harpsichord, French	Chordophones/Zithers	Chordophones/Zithers/Harpsichord, French	Chordophones/Zithers/Harpsichord, French.sfz	../instruments/VCSL-1.2.2-RC/Chordophones/Zithers/Harpsichord, French/tables/chordophones_zithers_harpsichord_french.zones.tsv	58
chordophones_zithers_harpsichord_italian	Harpsichord, Italian	Chordophones/Zithers	Chordophones/Zithers/Harpsichord, Italian	Chordophones/Zithers/Harpsichord, Italian.sfz	../instruments/VCSL-1.2.2-RC/Chordophones/Zithers/Harpsichord, Italian/tables/chordophones_zithers_harpsichord_italian.zones.tsv	63
chordophones_zithers_harpsichord_unk	Harpsichord, Unk	Chordophones/Zithers	Chordophones/Zithers/Harpsichord, Unk	Chordophones/Zithers/Harpsichord, Unk.sfz	../instruments/VCSL-1.2.2-RC/Chordophones/Zithers/Harpsichord, Unk/tables/chordophones_zithers_harpsichord_unk.zones.tsv	122
chordophones_zithers_psaltery_bowed_and_plucked_keyswitch	Psaltery, Bowed and Plucked - Keyswitch	Chordophones/Zithers	Chordophones/Zithers/Psaltery, Bowed and Plucked	Chordophones/Zithers/Psaltery, Bowed and Plucked - Keyswitch.sfz	../instruments/VCSL-1.2.2-RC/Chordophones/Zithers/Psaltery, Bowed and Plucked/tables/chordophones_zithers_psaltery_bowed_and_plucked_keyswitch.zones.tsv	33
chordophones_zithers_psaltery_bowed_and_plucked_longbow	Psaltery, Bowed and Plucked - LongBow	Chordophones/Zithers	Chordophones/Zithers/Psaltery, Bowed and Plucked	Chordophones/Zithers/Psaltery, Bowed and Plucked - LongBow.sfz	../instruments/VCSL-1.2.2-RC/Chordophones/Zithers/Psaltery, Bowed and Plucked/tables/chordophones_zithers_psaltery_bowed_and_plucked_longbow.zones.tsv	11
chordophones_zithers_psaltery_bowed_and_plucked_pluck	Psaltery, Bowed and Plucked - Pluck	Chordophones/Zithers	Chordophones/Zithers/Psaltery, Bowed and Plucked	Chordophones/Zithers/Psaltery, Bowed and Plucked - Pluck.sfz	../instruments/VCSL-1.2.2-RC/Chordophones/Zithers/Psaltery, Bowed and Plucked/tables/chordophones_zithers_psaltery_bowed_and_plucked_pluck.zones.tsv	11
chordophones_zithers_psaltery_bowed_and_plucked_spiccato	Psaltery, Bowed and Plucked - Spiccato	Chordophones/Zithers	Chordophones/Zithers/Psaltery, Bowed and Plucked	Chordophones/Zithers/Psaltery, Bowed and Plucked - Spiccato.sfz	../instruments/VCSL-1.2.2-RC/Chordophones/Zithers/Psaltery, Bowed and Plucked/tables/chordophones_zithers_psaltery_bowed_and_plucked_spiccato.zones.tsv	11
chordophones_zithers_upright_piano_knight	Upright Piano, Knight	Chordophones/Zithers	Chordophones/Zithers/Upright Piano, Knight	Chordophones/Zithers/Upright Piano, Knight.sfz	../instruments/VCSL-1.2.2-RC/Chordophones/Zithers/Upright Piano, Knight/tables/chordophones_zithers_upright_piano_knight.zones.tsv	143
chordophones_zithers_upright_piano_yamaha	Upright Piano, Yamaha	Chordophones/Zithers	Chordophones/Zithers/Upright Piano, Yamaha	Chordophones/Zithers/Upright Piano, Yamaha.sfz	../instruments/VCSL-1.2.2-RC/Chordophones/Zithers/Upright Piano, Yamaha/tables/chordophones_zithers_upright_piano_yamaha.zones.tsv	136
electrophones_tx81z_clavisynth	TX81Z - Clavisynth	Electrophones/TX81Z - Clavisynth.sfz	Electrophones/TX81Z	Electrophones/TX81Z - Clavisynth.sfz	../instruments/VCSL-1.2.2-RC/Electrophones/TX81Z/tables/electrophones_tx81z_clavisynth.zones.tsv	57
electrophones_tx81z_fm_piano	TX81Z - FM Piano	Electrophones/TX81Z - FM Piano.sfz	Electrophones/TX81Z	Electrophones/TX81Z - FM Piano.sfz	../instruments/VCSL-1.2.2-RC/Electrophones/TX81Z/tables/electrophones_tx81z_fm_piano.zones.tsv	66
electrophones_tx81z_keyswitch	TX81Z - Keyswitch	Electrophones/TX81Z - Keyswitch.sfz	Electrophones/TX81Z	Electrophones/TX81Z - Keyswitch.sfz	../instruments/VCSL-1.2.2-RC/Electrophones/TX81Z/tables/electrophones_tx81z_keyswitch.zones.tsv	189
electrophones_tx81z_piano_1	TX81Z - Piano 1	Electrophones/TX81Z - Piano 1.sfz	Electrophones/TX81Z	Electrophones/TX81Z - Piano 1.sfz	../instruments/VCSL-1.2.2-RC/Electrophones/TX81Z/tables/electrophones_tx81z_piano_1.zones.tsv	66
idiophones_friction_idiophones_wine_glasses_fast	Wine Glasses - Fast	Idiophones/Friction Idiophones	Idiophones/Friction Idiophones/Wine Glasses	Idiophones/Friction Idiophones/Wine Glasses - Fast.sfz	../instruments/VCSL-1.2.2-RC/Idiophones/Friction Idiophones/Wine Glasses/tables/idiophones_friction_idiophones_wine_glasses_fast.zones.tsv	8
idiophones_friction_idiophones_wine_glasses_keyswitch	Wine Glasses - Keyswitch	Idiophones/Friction Idiophones	Idiophones/Friction Idiophones/Wine Glasses	Idiophones/Friction Idiophones/Wine Glasses - Keyswitch.sfz	../instruments/VCSL-1.2.2-RC/Idiophones/Friction Idiophones/Wine Glasses/tables/idiophones_friction_idiophones_wine_glasses_keyswitch.zones.tsv	16
idiophones_friction_idiophones_wine_glasses_slow	Wine Glasses - Slow	Idiophones/Friction Idiophones	Idiophones/Friction Idiophones/Wine Glasses	Idiophones/Friction Idiophones/Wine Glasses - Slow.sfz	../instruments/VCSL-1.2.2-RC/Idiophones/Friction Idiophones/Wine Glasses/tables/idiophones_friction_idiophones_wine_glasses_slow.zones.tsv	8
idiophones_plucked_idiophones_kalimba_kenya	Kalimba, Kenya	Idiophones/Plucked Idiophones	Idiophones/Plucked Idiophones/Kalimba, Kenya	Idiophones/Plucked Idiophones/Kalimba, Kenya.sfz	../instruments/VCSL-1.2.2-RC/Idiophones/Plucked Idiophones/Kalimba, Kenya/tables/idiophones_plucked_idiophones_kalimba_kenya.zones.tsv	15
idiophones_plucked_idiophones_kalimba_tanzania	Kalimba, Tanzania	Idiophones/Plucked Idiophones	Idiophones/Plucked Idiophones/Kalimba, Tanzania	Idiophones/Plucked Idiophones/Kalimba, Tanzania.sfz	../instruments/VCSL-1.2.2-RC/Idiophones/Plucked Idiophones/Kalimba, Tanzania/tables/idiophones_plucked_idiophones_kalimba_tanzania.zones.tsv	27
idiophones_plucked_idiophones_mbira_mavembe_gandanga_zimbabwe_low_g	Mbira Mavembe (Gandanga), Zimbabwe, Low G	Idiophones/Plucked Idiophones	Idiophones/Plucked Idiophones/Mbira Mavembe (Gandanga), Zimbabwe, Low G	Idiophones/Plucked Idiophones/Mbira Mavembe (Gandanga), Zimbabwe, Low G.sfz	../instruments/VCSL-1.2.2-RC/Idiophones/Plucked Idiophones/Mbira Mavembe (Gandanga), Zimbabwe, Low G/tables/idiophones_plucked_idiophones_mbira_mavembe_gandanga_zimbabwe_low_g.zones.tsv	24
idiophones_plucked_idiophones_mbira_dzavadzimu_nyamaropa_zimbabwe_low_b	Mbira dzaVadzimu Nyamaropa, Zimbabwe, Low B	Idiophones/Plucked Idiophones	Idiophones/Plucked Idiophones/Mbira dzaVadzimu Nyamaropa, Zimbabwe, Low B	Idiophones/Plucked Idiophones/Mbira dzaVadzimu Nyamaropa, Zimbabwe, Low B.sfz	../instruments/VCSL-1.2.2-RC/Idiophones/Plucked Idiophones/Mbira dzaVadzimu Nyamaropa, Zimbabwe, Low B/tables/idiophones_plucked_idiophones_mbira_dzavadzimu_nyamaropa_zimbabwe_low_b.zones.tsv	24
idiophones_plucked_idiophones_nyunga_nyunga_mozambique_low_f	Nyunga Nyunga, Mozambique, Low F	Idiophones/Plucked Idiophones	Idiophones/Plucked Idiophones/Nyunga Nyunga, Mozambique, Low F	Idiophones/Plucked Idiophones/Nyunga Nyunga, Mozambique, Low F.sfz	../instruments/VCSL-1.2.2-RC/Idiophones/Plucked Idiophones/Nyunga Nyunga, Mozambique, Low F/tables/idiophones_plucked_idiophones_nyunga_nyunga_mozambique_low_f.zones.tsv	19
idiophones_struck_idiophones_agogo_bells	Agogo Bells	Idiophones/Struck Idiophones	Idiophones/Struck Idiophones/Agogo Bells	Idiophones/Struck Idiophones/Agogo Bells.sfz	../instruments/VCSL-1.2.2-RC/Idiophones/Struck Idiophones/Agogo Bells/tables/idiophones_struck_idiophones_agogo_bells.zones.tsv	5
idiophones_struck_idiophones_anvil	Anvil	Idiophones/Struck Idiophones	Idiophones/Struck Idiophones/Anvil	Idiophones/Struck Idiophones/Anvil.sfz	../instruments/VCSL-1.2.2-RC/Idiophones/Struck Idiophones/Anvil/tables/idiophones_struck_idiophones_anvil.zones.tsv	9
idiophones_struck_idiophones_balafon_hard_mallet	Balafon - Hard Mallet	Idiophones/Struck Idiophones	Idiophones/Struck Idiophones/Balafon	Idiophones/Struck Idiophones/Balafon - Hard Mallet.sfz	../instruments/VCSL-1.2.2-RC/Idiophones/Struck Idiophones/Balafon/tables/idiophones_struck_idiophones_balafon_hard_mallet.zones.tsv	18
idiophones_struck_idiophones_balafon_keyswitch	Balafon - Keyswitch	Idiophones/Struck Idiophones	Idiophones/Struck Idiophones/Balafon	Idiophones/Struck Idiophones/Balafon - Keyswitch.sfz	../instruments/VCSL-1.2.2-RC/Idiophones/Struck Idiophones/Balafon/tables/idiophones_struck_idiophones_balafon_keyswitch.zones.tsv	54
idiophones_struck_idiophones_balafon_soft_mallet	Balafon - Soft Mallet	Idiophones/Struck Idiophones	Idiophones/Struck Idiophones/Balafon	Idiophones/Struck Idiophones/Balafon - Soft Mallet.sfz	../instruments/VCSL-1.2.2-RC/Idiophones/Struck Idiophones/Balafon/tables/idiophones_struck_idiophones_balafon_soft_mallet.zones.tsv	18
idiophones_struck_idiophones_balafon_traditional_mallet	Balafon - Traditional Mallet	Idiophones/Struck Idiophones	Idiophones/Struck Idiophones/Balafon	Idiophones/Struck Idiophones/Balafon - Traditional Mallet.sfz	../instruments/VCSL-1.2.2-RC/Idiophones/Struck Idiophones/Balafon/tables/idiophones_struck_idiophones_balafon_traditional_mallet.zones.tsv	18
idiophones_struck_idiophones_bell_tree_individual	Bell Tree - Individual	Idiophones/Struck Idiophones	Idiophones/Struck Idiophones/Bell Tree	Idiophones/Struck Idiophones/Bell Tree - Individual.sfz	../instruments/VCSL-1.2.2-RC/Idiophones/Struck Idiophones/Bell Tree/tables/idiophones_struck_idiophones_bell_tree_individual.zones.tsv	6
idiophones_struck_idiophones_bell_tree_keyswitch	Bell Tree - Keyswitch	Idiophones/Struck Idiophones	Idiophones/Struck Idiophones/Bell Tree	Idiophones/Struck Idiophones/Bell Tree - Keyswitch.sfz	../instruments/VCSL-1.2.2-RC/Idiophones/Struck Idiophones/Bell Tree/tables/idiophones_struck_idiophones_bell_tree_keyswitch.zones.tsv	16
idiophones_struck_idiophones_bell_tree_legacy	Bell Tree - Legacy	Idiophones/Struck Idiophones	Idiophones/Struck Idiophones/Bell Tree - Legacy	Idiophones/Struck Idiophones/Bell Tree - Legacy.sfz	../instruments/VCSL-1.2.2-RC/Idiophones/Struck Idiophones/Bell Tree - Legacy/tables/idiophones_struck_idiophones_bell_tree_legacy.zones.tsv	5
idiophones_struck_idiophones_bell_tree_stroke	Bell Tree - Stroke	Idiophones/Struck Idiophones	Idiophones/Struck Idiophones/Bell Tree	Idiophones/Struck Idiophones/Bell Tree - Stroke.sfz	../instruments/VCSL-1.2.2-RC/Idiophones/Struck Idiophones/Bell Tree/tables/idiophones_struck_idiophones_bell_tree_stroke.zones.tsv	5
idiophones_struck_idiophones_brake_drum	Brake Drum	Idiophones/Struck Idiophones	Idiophones/Struck Idiophones/Brake Drum	Idiophones/Struck Idiophones/Brake Drum.sfz	../instruments/VCSL-1.2.2-RC/Idiophones/Struck Idiophones/Brake Drum/tables/idiophones_struck_idiophones_brake_drum.zones.tsv	17
idiophones_struck_idiophones_cabasa	Cabasa	Idiophones/Struck Idiophones	Idiophones/Struck Idiophones/Cabasa	Idiophones/Struck Idiophones/Cabasa.sfz	../instruments/VCSL-1.2.2-RC/Idiophones/Struck Idiophones/Cabasa/tables/idiophones_struck_idiophones_cabasa.zones.tsv	6
idiophones_struck_idiophones_cajon	Cajon	Idiophones/Struck Idiophones	Idiophones/Struck Idiophones/Cajon	Idiophones/Struck Idiophones/Cajon.sfz	../instruments/VCSL-1.2.2-RC/Idiophones/Struck Idiophones/Cajon/tables/idiophones_struck_idiophones_cajon.zones.tsv	18
idiophones_struck_idiophones_claps	Claps	Idiophones/Struck Idiophones	Idiophones/Struck Idiophones/Claps	Idiophones/Struck Idiophones/Claps.sfz	../instruments/VCSL-1.2.2-RC/Idiophones/Struck Idiophones/Claps/tables/idiophones_struck_idiophones_claps.zones.tsv	10
idiophones_struck_idiophones_clash_cymbals_1	Clash Cymbals 1	Idiophones/Struck Idiophones	Idiophones/Struck Idiophones/Clash Cymbals 1	Idiophones/Struck Idiophones/Clash Cymbals 1.sfz	../instruments/VCSL-1.2.2-RC/Idiophones/Struck Idiophones/Clash Cymbals 1/tables/idiophones_struck_idiophones_clash_cymbals_1.zones.tsv	10
idiophones_struck_idiophones_clash_cymbals_2	Clash Cymbals 2	Idiophones/Struck Idiophones	Idiophones/Struck Idiophones/Clash Cymbals 2	Idiophones/Struck Idiophones/Clash Cymbals 2.sfz	../instruments/VCSL-1.2.2-RC/Idiophones/Struck Idiophones/Clash Cymbals 2/tables/idiophones_struck_idiophones_clash_cymbals_2.zones.tsv	5
idiophones_struck_idiophones_claves	Claves	Idiophones/Struck Idiophones	Idiophones/Struck Idiophones/Claves	Idiophones/Struck Idiophones/Claves.sfz	../instruments/VCSL-1.2.2-RC/Idiophones/Struck Idiophones/Claves/tables/idiophones_struck_idiophones_claves.zones.tsv	6
idiophones_struck_idiophones_cowbells	Cowbells	Idiophones/Struck Idiophones	Idiophones/Struck Idiophones/Cowbells	Idiophones/Struck Idiophones/Cowbells.sfz	../instruments/VCSL-1.2.2-RC/Idiophones/Struck Idiophones/Cowbells/tables/idiophones_struck_idiophones_cowbells.zones.tsv	13
idiophones_struck_idiophones_finger_cymbals	Finger Cymbals	Idiophones/Struck Idiophones	Idiophones/Struck Idiophones/Finger Cymbals	Idiophones/Struck Idiophones/Finger Cymbals.sfz	../instruments/VCSL-1.2.2-RC/Idiophones/Struck Idiophones/Finger Cymbals/tables/idiophones_struck_idiophones_finger_cymbals.zones.tsv	1
idiophones_struck_idiophones_flexatone	Flexatone	Idiophones/Struck Idiophones	Idiophones/Struck Idiophones/Flexatone	Idiophones/Struck Idiophones/Flexatone.sfz	../instruments/VCSL-1.2.2-RC/Idiophones/Struck Idiophones/Flexatone/tables/idiophones_struck_idiophones_flexatone.zones.tsv	8
idiophones_struck_idiophones_glockenspiel	Glockenspiel	Idiophones/Struck Idiophones	Idiophones/Struck Idiophones/Glockenspiel	Idiophones/Struck Idiophones/Glockenspiel.sfz	../instruments/VCSL-1.2.2-RC/Idiophones/Struck Idiophones/Glockenspiel/tables/idiophones_struck_idiophones_glockenspiel.zones.tsv	18
idiophones_struck_idiophones_gong_1	Gong 1	Idiophones/Struck Idiophones	Idiophones/Struck Idiophones/Gong 1	Idiophones/Struck Idiophones/Gong 1.sfz	../instruments/VCSL-1.2.2-RC/Idiophones/Struck Idiophones/Gong 1/tables/idiophones_struck_idiophones_gong_1.zones.tsv	7
idiophones_struck_idiophones_gong_2	Gong 2	Idiophones/Struck Idiophones	Idiophones/Struck Idiophones/Gong 2	Idiophones/Struck Idiophones/Gong 2.sfz	../instruments/VCSL-1.2.2-RC/Idiophones/Struck Idiophones/Gong 2/tables/idiophones_struck_idiophones_gong_2.zones.tsv	6
idiophones_struck_idiophones_guiro_keyswitch	Guiro - Keyswitch	Idiophones/Struck Idiophones	Idiophones/Struck Idiophones/Guiro	Idiophones/Struck Idiophones/Guiro - Keyswitch.sfz	../instruments/VCSL-1.2.2-RC/Idiophones/Struck Idiophones/Guiro/tables/idiophones_struck_idiophones_guiro_keyswitch.zones.tsv	14
idiophones_struck_idiophones_guiro_legacy	Guiro - Legacy	Idiophones/Struck Idiophones	Idiophones/Struck Idiophones/Guiro	Idiophones/Struck Idiophones/Guiro - Legacy.sfz	../instruments/VCSL-1.2.2-RC/Idiophones/Struck Idiophones/Guiro/tables/idiophones_struck_idiophones_guiro_legacy.zones.tsv	9
idiophones_struck_idiophones_guiro	Guiro	Idiophones/Struck Idiophones	Idiophones/Struck Idiophones/Guiro	Idiophones/Struck Idiophones/Guiro.sfz	../instruments/VCSL-1.2.2-RC/Idiophones/Struck Idiophones/Guiro/tables/idiophones_struck_idiophones_guiro.zones.tsv	5
idiophones_struck_idiophones_hand_bells_nepalese	Hand Bells, Nepalese	Idiophones/Struck Idiophones	Idiophones/Struck Idiophones/Hand Bells, Nepalese	Idiophones/Struck Idiophones/Hand Bells, Nepalese.sfz	../instruments/VCSL-1.2.2-RC/Idiophones/Struck Idiophones/Hand Bells, Nepalese/tables/idiophones_struck_idiophones_hand_bells_nepalese.zones.tsv	3
idiophones_struck_idiophones_hand_chimes	Hand Chimes	Idiophones/Struck Idiophones	Idiophones/Struck Idiophones/Hand Chimes	Idiophones/Struck Idiophones/Hand Chimes.sfz	../instruments/VCSL-1.2.2-RC/Idiophones/Struck Idiophones/Hand Chimes/tables/idiophones_struck_idiophones_hand_chimes.zones.tsv	19
idiophones_struck_idiophones_hi_hat_cymbal	Hi-Hat Cymbal	Idiophones/Struck Idiophones	Idiophones/Struck Idiophones/Hi-Hat Cymbal	Idiophones/Struck Idiophones/Hi-Hat Cymbal.sfz	../instruments/VCSL-1.2.2-RC/Idiophones/Struck Idiophones/Hi-Hat Cymbal/tables/idiophones_struck_idiophones_hi_hat_cymbal.zones.tsv	15
idiophones_struck_idiophones_marimba	Marimba	Idiophones/Struck Idiophones	Idiophones/Struck Idiophones/Marimba	Idiophones/Struck Idiophones/Marimba.sfz	../instruments/VCSL-1.2.2-RC/Idiophones/Struck Idiophones/Marimba/tables/idiophones_struck_idiophones_marimba.zones.tsv	30
idiophones_struck_idiophones_mark_trees	Mark Trees	Idiophones/Struck Idiophones	Idiophones/Struck Idiophones/Mark Trees	Idiophones/Struck Idiophones/Mark Trees.sfz	../instruments/VCSL-1.2.2-RC/Idiophones/Struck Idiophones/Mark Trees/tables/idiophones_struck_idiophones_mark_trees.zones.tsv	6
idiophones_struck_idiophones_ratchet	Ratchet	Idiophones/Struck Idiophones	Idiophones/Struck Idiophones/Ratchet	Idiophones/Struck Idiophones/Ratchet.sfz	../instruments/VCSL-1.2.2-RC/Idiophones/Struck Idiophones/Ratchet/tables/idiophones_struck_idiophones_ratchet.zones.tsv	8
idiophones_struck_idiophones_shaker_legacy	Shaker - Legacy	Idiophones/Struck Idiophones	Idiophones/Struck Idiophones/Shaker - Legacy	Idiophones/Struck Idiophones/Shaker - Legacy.sfz	../instruments/VCSL-1.2.2-RC/Idiophones/Struck Idiophones/Shaker - Legacy/tables/idiophones_struck_idiophones_shaker_legacy.zones.tsv	2
idiophones_struck_idiophones_shaker_large	Shaker, Large	Idiophones/Struck Idiophones	Idiophones/Struck Idiophones/Shaker, Large	Idiophones/Struck Idiophones/Shaker, Large.sfz	../instruments/VCSL-1.2.2-RC/Idiophones/Struck Idiophones/Shaker, Large/tables/idiophones_struck_idiophones_shaker_large.zones.tsv	6
idiophones_struck_idiophones_shaker_small	Shaker, Small	Idiophones/Struck Idiophones	Idiophones/Struck Idiophones/Shaker, Small	Idiophones/Struck Idiophones/Shaker, Small.sfz	../instruments/VCSL-1.2.2-RC/Idiophones/Struck Idiophones/Shaker, Small/tables/idiophones_struck_idiophones_shaker_small.zones.tsv	16
idiophones_struck_idiophones_slapstick	Slapstick	Idiophones/Struck Idiophones	Idiophones/Struck Idiophones/Slapstick	Idiophones/Struck Idiophones/Slapstick.sfz	../instruments/VCSL-1.2.2-RC/Idiophones/Struck Idiophones/Slapstick/tables/idiophones_struck_idiophones_slapstick.zones.tsv	5
idiophones_struck_idiophones_sleigh_bells	Sleigh Bells	Idiophones/Struck Idiophones	Idiophones/Struck Idiophones/Sleigh Bells	Idiophones/Struck Idiophones/Sleigh Bells.sfz	../instruments/VCSL-1.2.2-RC/Idiophones/Struck Idiophones/Sleigh Bells/tables/idiophones_struck_idiophones_sleigh_bells.zones.tsv	6
idiophones_struck_idiophones_slit_drum	Slit Drum	Idiophones/Struck Idiophones	Idiophones/Struck Idiophones/Slit Drum	Idiophones/Struck Idiophones/Slit Drum.sfz	../instruments/VCSL-1.2.2-RC/Idiophones/Struck Idiophones/Slit Drum/tables/idiophones_struck_idiophones_slit_drum.zones.tsv	6
idiophones_struck_idiophones_suspended_cymbal_1	Suspended Cymbal 1	Idiophones/Struck Idiophones	Idiophones/Struck Idiophones/Suspended Cymbal 1	Idiophones/Struck Idiophones/Suspended Cymbal 1.sfz	../instruments/VCSL-1.2.2-RC/Idiophones/Struck Idiophones/Suspended Cymbal 1/tables/idiophones_struck_idiophones_suspended_cymbal_1.zones.tsv	22
idiophones_struck_idiophones_suspended_cymbal_2	Suspended Cymbal 2	Idiophones/Struck Idiophones	Idiophones/Struck Idiophones/Suspended Cymbal 2	Idiophones/Struck Idiophones/Suspended Cymbal 2.sfz	../instruments/VCSL-1.2.2-RC/Idiophones/Struck Idiophones/Suspended Cymbal 2/tables/idiophones_struck_idiophones_suspended_cymbal_2.zones.tsv	23
idiophones_struck_idiophones_tambourine_1	Tambourine 1	Idiophones/Struck Idiophones	Idiophones/Struck Idiophones/Tambourine 1	Idiophones/Struck Idiophones/Tambourine 1.sfz	../instruments/VCSL-1.2.2-RC/Idiophones/Struck Idiophones/Tambourine 1/tables/idiophones_struck_idiophones_tambourine_1.zones.tsv	7
idiophones_struck_idiophones_tambourine_2	Tambourine 2	Idiophones/Struck Idiophones	Idiophones/Struck Idiophones/Tambourine 2	Idiophones/Struck Idiophones/Tambourine 2.sfz	../instruments/VCSL-1.2.2-RC/Idiophones/Struck Idiophones/Tambourine 2/tables/idiophones_struck_idiophones_tambourine_2.zones.tsv	7
idiophones_struck_idiophones_tambourine_3_legacy	Tambourine 3 - Legacy	Idiophones/Struck Idiophones	Idiophones/Struck Idiophones/Tambourine 3 - Legacy	Idiophones/Struck Idiophones/Tambourine 3 - Legacy.sfz	../instruments/VCSL-1.2.2-RC/Idiophones/Struck Idiophones/Tambourine 3 - Legacy/tables/idiophones_struck_idiophones_tambourine_3_legacy.zones.tsv	4
idiophones_struck_idiophones_tambourine_4_legacy	Tambourine 4 - Legacy	Idiophones/Struck Idiophones	Idiophones/Struck Idiophones/Tambourine 4 - Legacy	Idiophones/Struck Idiophones/Tambourine 4 - Legacy.sfz	../instruments/VCSL-1.2.2-RC/Idiophones/Struck Idiophones/Tambourine 4 - Legacy/tables/idiophones_struck_idiophones_tambourine_4_legacy.zones.tsv	6
idiophones_struck_idiophones_tambourine_5_legacy	Tambourine 5 - Legacy	Idiophones/Struck Idiophones	Idiophones/Struck Idiophones/Tambourine 5 - Legacy	Idiophones/Struck Idiophones/Tambourine 5 - Legacy.sfz	../instruments/VCSL-1.2.2-RC/Idiophones/Struck Idiophones/Tambourine 5 - Legacy/tables/idiophones_struck_idiophones_tambourine_5_legacy.zones.tsv	9
idiophones_struck_idiophones_triangles	Triangles	Idiophones/Struck Idiophones	Idiophones/Struck Idiophones/Triangles	Idiophones/Struck Idiophones/Triangles.sfz	../instruments/VCSL-1.2.2-RC/Idiophones/Struck Idiophones/Triangles/tables/idiophones_struck_idiophones_triangles.zones.tsv	37
idiophones_struck_idiophones_tubular_bells_1	Tubular Bells 1	Idiophones/Struck Idiophones	Idiophones/Struck Idiophones/Tubular Bells 1	Idiophones/Struck Idiophones/Tubular Bells 1.sfz	../instruments/VCSL-1.2.2-RC/Idiophones/Struck Idiophones/Tubular Bells 1/tables/idiophones_struck_idiophones_tubular_bells_1.zones.tsv	18
idiophones_struck_idiophones_tubular_bells_2	Tubular Bells 2	Idiophones/Struck Idiophones	Idiophones/Struck Idiophones/Tubular Bells 2	Idiophones/Struck Idiophones/Tubular Bells 2.sfz	../instruments/VCSL-1.2.2-RC/Idiophones/Struck Idiophones/Tubular Bells 2/tables/idiophones_struck_idiophones_tubular_bells_2.zones.tsv	22
idiophones_struck_idiophones_tubular_bells_3_legacy	Tubular Bells 3 - Legacy	Idiophones/Struck Idiophones	Idiophones/Struck Idiophones/Tubular Bells 3 - Legacy	Idiophones/Struck Idiophones/Tubular Bells 3 - Legacy.sfz	../instruments/VCSL-1.2.2-RC/Idiophones/Struck Idiophones/Tubular Bells 3 - Legacy/tables/idiophones_struck_idiophones_tubular_bells_3_legacy.zones.tsv	18
idiophones_struck_idiophones_tubular_glockenspiel	Tubular Glockenspiel	Idiophones/Struck Idiophones	Idiophones/Struck Idiophones/Tubular Glockenspiel	Idiophones/Struck Idiophones/Tubular Glockenspiel.sfz	../instruments/VCSL-1.2.2-RC/Idiophones/Struck Idiophones/Tubular Glockenspiel/tables/idiophones_struck_idiophones_tubular_glockenspiel.zones.tsv	25
idiophones_struck_idiophones_vibraphone_bowed	Vibraphone - Bowed	Idiophones/Struck Idiophones	Idiophones/Struck Idiophones/Vibraphone	Idiophones/Struck Idiophones/Vibraphone - Bowed.sfz	../instruments/VCSL-1.2.2-RC/Idiophones/Struck Idiophones/Vibraphone/tables/idiophones_struck_idiophones_vibraphone_bowed.zones.tsv	6
idiophones_struck_idiophones_vibraphone_hard_mallets	Vibraphone - Hard Mallets	Idiophones/Struck Idiophones	Idiophones/Struck Idiophones/Vibraphone	Idiophones/Struck Idiophones/Vibraphone - Hard Mallets.sfz	../instruments/VCSL-1.2.2-RC/Idiophones/Struck Idiophones/Vibraphone/tables/idiophones_struck_idiophones_vibraphone_hard_mallets.zones.tsv	22
idiophones_struck_idiophones_vibraphone_keyswitch	Vibraphone - Keyswitch	Idiophones/Struck Idiophones	Idiophones/Struck Idiophones/Vibraphone	Idiophones/Struck Idiophones/Vibraphone - Keyswitch.sfz	../instruments/VCSL-1.2.2-RC/Idiophones/Struck Idiophones/Vibraphone/tables/idiophones_struck_idiophones_vibraphone_keyswitch.zones.tsv	50
idiophones_struck_idiophones_vibraphone_soft_mallets	Vibraphone - Soft Mallets	Idiophones/Struck Idiophones	Idiophones/Struck Idiophones/Vibraphone	Idiophones/Struck Idiophones/Vibraphone - Soft Mallets.sfz	../instruments/VCSL-1.2.2-RC/Idiophones/Struck Idiophones/Vibraphone/tables/idiophones_struck_idiophones_vibraphone_soft_mallets.zones.tsv	22
idiophones_struck_idiophones_vibraslap	Vibraslap	Idiophones/Struck Idiophones	Idiophones/Struck Idiophones/Vibraslap	Idiophones/Struck Idiophones/Vibraslap.sfz	../instruments/VCSL-1.2.2-RC/Idiophones/Struck Idiophones/Vibraslap/tables/idiophones_struck_idiophones_vibraslap.zones.tsv	4
idiophones_struck_idiophones_woodblock	Woodblock	Idiophones/Struck Idiophones	Idiophones/Struck Idiophones/Woodblock	Idiophones/Struck Idiophones/Woodblock.sfz	../instruments/VCSL-1.2.2-RC/Idiophones/Struck Idiophones/Woodblock/tables/idiophones_struck_idiophones_woodblock.zones.tsv	10
idiophones_struck_idiophones_xylophone_hard_mallets	Xylophone - Hard Mallets	Idiophones/Struck Idiophones	Idiophones/Struck Idiophones/Xylophone	Idiophones/Struck Idiophones/Xylophone - Hard Mallets.sfz	../instruments/VCSL-1.2.2-RC/Idiophones/Struck Idiophones/Xylophone/tables/idiophones_struck_idiophones_xylophone_hard_mallets.zones.tsv	15
idiophones_struck_idiophones_xylophone_keyswitch	Xylophone - Keyswitch	Idiophones/Struck Idiophones	Idiophones/Struck Idiophones/Xylophone	Idiophones/Struck Idiophones/Xylophone - Keyswitch.sfz	../instruments/VCSL-1.2.2-RC/Idiophones/Struck Idiophones/Xylophone/tables/idiophones_struck_idiophones_xylophone_keyswitch.zones.tsv	47
idiophones_struck_idiophones_xylophone_medium_mallets	Xylophone - Medium Mallets	Idiophones/Struck Idiophones	Idiophones/Struck Idiophones/Xylophone	Idiophones/Struck Idiophones/Xylophone - Medium Mallets.sfz	../instruments/VCSL-1.2.2-RC/Idiophones/Struck Idiophones/Xylophone/tables/idiophones_struck_idiophones_xylophone_medium_mallets.zones.tsv	16
idiophones_struck_idiophones_xylophone_soft_mallets	Xylophone - Soft Mallets	Idiophones/Struck Idiophones	Idiophones/Struck Idiophones/Xylophone	Idiophones/Struck Idiophones/Xylophone - Soft Mallets.sfz	../instruments/VCSL-1.2.2-RC/Idiophones/Struck Idiophones/Xylophone/tables/idiophones_struck_idiophones_xylophone_soft_mallets.zones.tsv	16
membranophones_other_membranophones_ocean_drum	Ocean Drum	Membranophones/Other Membranophones	Membranophones/Other Membranophones/Ocean Drum	Membranophones/Other Membranophones/Ocean Drum.sfz	../instruments/VCSL-1.2.2-RC/Membranophones/Other Membranophones/Ocean Drum/tables/membranophones_other_membranophones_ocean_drum.zones.tsv	3
membranophones_struck_membranophones_bass_drum_1	Bass Drum 1	Membranophones/Struck Membranophones	Membranophones/Struck Membranophones/Bass Drum 1	Membranophones/Struck Membranophones/Bass Drum 1.sfz	../instruments/VCSL-1.2.2-RC/Membranophones/Struck Membranophones/Bass Drum 1/tables/membranophones_struck_membranophones_bass_drum_1.zones.tsv	8
membranophones_struck_membranophones_bass_drum_2	Bass Drum 2	Membranophones/Struck Membranophones	Membranophones/Struck Membranophones/Bass Drum 2	Membranophones/Struck Membranophones/Bass Drum 2.sfz	../instruments/VCSL-1.2.2-RC/Membranophones/Struck Membranophones/Bass Drum 2/tables/membranophones_struck_membranophones_bass_drum_2.zones.tsv	30
membranophones_struck_membranophones_bass_drum_3_legacy	Bass Drum 3 - Legacy	Membranophones/Struck Membranophones	Membranophones/Struck Membranophones/Bass Drum 3 - Legacy	Membranophones/Struck Membranophones/Bass Drum 3 - Legacy.sfz	../instruments/VCSL-1.2.2-RC/Membranophones/Struck Membranophones/Bass Drum 3 - Legacy/tables/membranophones_struck_membranophones_bass_drum_3_legacy.zones.tsv	39
membranophones_struck_membranophones_bongos	Bongos	Membranophones/Struck Membranophones	Membranophones/Struck Membranophones/Bongos	Membranophones/Struck Membranophones/Bongos.sfz	../instruments/VCSL-1.2.2-RC/Membranophones/Struck Membranophones/Bongos/tables/membranophones_struck_membranophones_bongos.zones.tsv	28
membranophones_struck_membranophones_conga	Conga	Membranophones/Struck Membranophones	Membranophones/Struck Membranophones/Conga	Membranophones/Struck Membranophones/Conga.sfz	../instruments/VCSL-1.2.2-RC/Membranophones/Struck Membranophones/Conga/tables/membranophones_struck_membranophones_conga.zones.tsv	34
membranophones_struck_membranophones_darbuka	Darbuka	Membranophones/Struck Membranophones	Membranophones/Struck Membranophones/Darbuka	Membranophones/Struck Membranophones/Darbuka.sfz	../instruments/VCSL-1.2.2-RC/Membranophones/Struck Membranophones/Darbuka/tables/membranophones_struck_membranophones_darbuka.zones.tsv	20
membranophones_struck_membranophones_frame_drum	Frame Drum	Membranophones/Struck Membranophones	Membranophones/Struck Membranophones/Frame Drum	Membranophones/Struck Membranophones/Frame Drum.sfz	../instruments/VCSL-1.2.2-RC/Membranophones/Struck Membranophones/Frame Drum/tables/membranophones_struck_membranophones_frame_drum.zones.tsv	18
membranophones_struck_membranophones_legacy_snares_keyswitch	Legacy Snares - Keyswitch	Membranophones/Struck Membranophones	Membranophones/Struck Membranophones/Legacy Snares	Membranophones/Struck Membranophones/Legacy Snares - Keyswitch.sfz	../instruments/VCSL-1.2.2-RC/Membranophones/Struck Membranophones/Legacy Snares/tables/membranophones_struck_membranophones_legacy_snares_keyswitch.zones.tsv	108
membranophones_struck_membranophones_legacy_snares_oldsnare	Legacy Snares - OldSnare	Membranophones/Struck Membranophones	Membranophones/Struck Membranophones/Legacy Snares	Membranophones/Struck Membranophones/Legacy Snares - OldSnare.sfz	../instruments/VCSL-1.2.2-RC/Membranophones/Struck Membranophones/Legacy Snares/tables/membranophones_struck_membranophones_legacy_snares_oldsnare.zones.tsv	15
membranophones_struck_membranophones_legacy_snares_drum1	Legacy Snares - drum1	Membranophones/Struck Membranophones	Membranophones/Struck Membranophones/Legacy Snares	Membranophones/Struck Membranophones/Legacy Snares - drum1.sfz	../instruments/VCSL-1.2.2-RC/Membranophones/Struck Membranophones/Legacy Snares/tables/membranophones_struck_membranophones_legacy_snares_drum1.zones.tsv	40
membranophones_struck_membranophones_legacy_snares_drum2	Legacy Snares - drum2	Membranophones/Struck Membranophones	Membranophones/Struck Membranophones/Legacy Snares	Membranophones/Struck Membranophones/Legacy Snares - drum2.sfz	../instruments/VCSL-1.2.2-RC/Membranophones/Struck Membranophones/Legacy Snares/tables/membranophones_struck_membranophones_legacy_snares_drum2.zones.tsv	36
membranophones_struck_membranophones_legacy_snares_drum3_marching	Legacy Snares - drum3_marching	Membranophones/Struck Membranophones	Membranophones/Struck Membranophones/Legacy Snares	Membranophones/Struck Membranophones/Legacy Snares - drum3_marching.sfz	../instruments/VCSL-1.2.2-RC/Membranophones/Struck Membranophones/Legacy Snares/tables/membranophones_struck_membranophones_legacy_snares_drum3_marching.zones.tsv	17
membranophones_struck_membranophones_legacy_toms	Legacy Toms	Membranophones/Struck Membranophones	Membranophones/Struck Membranophones/Legacy Toms	Membranophones/Struck Membranophones/Legacy Toms.sfz	../instruments/VCSL-1.2.2-RC/Membranophones/Struck Membranophones/Legacy Toms/tables/membranophones_struck_membranophones_legacy_toms.zones.tsv	41
membranophones_struck_membranophones_snare_drum_modern_1	Snare Drum, Modern 1	Membranophones/Struck Membranophones	Membranophones/Struck Membranophones/Snare Drum, Modern 1	Membranophones/Struck Membranophones/Snare Drum, Modern 1.sfz	../instruments/VCSL-1.2.2-RC/Membranophones/Struck Membranophones/Snare Drum, Modern 1/tables/membranophones_struck_membranophones_snare_drum_modern_1.zones.tsv	29
membranophones_struck_membranophones_snare_drum_modern_2	Snare Drum, Modern 2	Membranophones/Struck Membranophones	Membranophones/Struck Membranophones/Snare Drum, Modern 2	Membranophones/Struck Membranophones/Snare Drum, Modern 2.sfz	../instruments/VCSL-1.2.2-RC/Membranophones/Struck Membranophones/Snare Drum, Modern 2/tables/membranophones_struck_membranophones_snare_drum_modern_2.zones.tsv	24
membranophones_struck_membranophones_snare_drum_modern_3	Snare Drum, Modern 3	Membranophones/Struck Membranophones	Membranophones/Struck Membranophones/Snare Drum, Modern 3	Membranophones/Struck Membranophones/Snare Drum, Modern 3.sfz	../instruments/VCSL-1.2.2-RC/Membranophones/Struck Membranophones/Snare Drum, Modern 3/tables/membranophones_struck_membranophones_snare_drum_modern_3.zones.tsv	19
membranophones_struck_membranophones_snare_drum_rope_tension	Snare Drum, Rope Tension	Membranophones/Struck Membranophones	Membranophones/Struck Membranophones/Snare Drum, Rope Tension	Membranophones/Struck Membranophones/Snare Drum, Rope Tension.sfz	../instruments/VCSL-1.2.2-RC/Membranophones/Struck Membranophones/Snare Drum, Rope Tension/tables/membranophones_struck_membranophones_snare_drum_rope_tension.zones.tsv	32
membranophones_struck_membranophones_timpani_1_hit	Timpani 1 - Hit	Membranophones/Struck Membranophones	Membranophones/Struck Membranophones/Timpani 1	Membranophones/Struck Membranophones/Timpani 1 - Hit.sfz	../instruments/VCSL-1.2.2-RC/Membranophones/Struck Membranophones/Timpani 1/tables/membranophones_struck_membranophones_timpani_1_hit.zones.tsv	30
membranophones_struck_membranophones_timpani_1_keyswitch	Timpani 1 - Keyswitch	Membranophones/Struck Membranophones	Membranophones/Struck Membranophones/Timpani 1	Membranophones/Struck Membranophones/Timpani 1 - Keyswitch.sfz	../instruments/VCSL-1.2.2-RC/Membranophones/Struck Membranophones/Timpani 1/tables/membranophones_struck_membranophones_timpani_1_keyswitch.zones.tsv	40
membranophones_struck_membranophones_timpani_1_roll	Timpani 1 - Roll	Membranophones/Struck Membranophones	Membranophones/Struck Membranophones/Timpani 1	Membranophones/Struck Membranophones/Timpani 1 - Roll.sfz	../instruments/VCSL-1.2.2-RC/Membranophones/Struck Membranophones/Timpani 1/tables/membranophones_struck_membranophones_timpani_1_roll.zones.tsv	10
membranophones_struck_membranophones_timpani_2_all_samples	Timpani 2 - All Samples	Membranophones/Struck Membranophones	Membranophones/Struck Membranophones/Timpani 2	Membranophones/Struck Membranophones/Timpani 2 - All Samples.sfz	../instruments/VCSL-1.2.2-RC/Membranophones/Struck Membranophones/Timpani 2/tables/membranophones_struck_membranophones_timpani_2_all_samples.zones.tsv	204
membranophones_struck_membranophones_timpani_2_keyswitch	Timpani 2 - Keyswitch	Membranophones/Struck Membranophones	Membranophones/Struck Membranophones/Timpani 2	Membranophones/Struck Membranophones/Timpani 2 - Keyswitch.sfz	../instruments/VCSL-1.2.2-RC/Membranophones/Struck Membranophones/Timpani 2/tables/membranophones_struck_membranophones_timpani_2_keyswitch.zones.tsv	258
membranophones_struck_membranophones_timpani_2_scale	Timpani 2 - Scale	Membranophones/Struck Membranophones	Membranophones/Struck Membranophones/Timpani 2	Membranophones/Struck Membranophones/Timpani 2 - Scale.sfz	../instruments/VCSL-1.2.2-RC/Membranophones/Struck Membranophones/Timpani 2/tables/membranophones_struck_membranophones_timpani_2_scale.zones.tsv	54
membranophones_struck_membranophones_tom_1	Tom 1	Membranophones/Struck Membranophones	Membranophones/Struck Membranophones/Tom 1	Membranophones/Struck Membranophones/Tom 1.sfz	../instruments/VCSL-1.2.2-RC/Membranophones/Struck Membranophones/Tom 1/tables/membranophones_struck_membranophones_tom_1.zones.tsv	22
membranophones_struck_membranophones_tom_2	Tom 2	Membranophones/Struck Membranophones	Membranophones/Struck Membranophones/Tom 2	Membranophones/Struck Membranophones/Tom 2.sfz	../instruments/VCSL-1.2.2-RC/Membranophones/Struck Membranophones/Tom 2/tables/membranophones_struck_membranophones_tom_2.zones.tsv	22
Samples/instruments/acoustic_pop_sources/salamander/SalamanderGrandPianoV3_44.1khz16bit/tables/aps_piano_salamander.zones.tsv	Piano_Salamander	Open Sources/Acoustic			../instruments/acoustic_pop_sources/salamander/SalamanderGrandPianoV3_44.1khz16bit/tables/aps_piano_salamander.zones.tsv	641
Samples/instruments/acoustic_pop_sources/steel_guitar/FSS-SteelStringGuitar-SFZ-20200521/tables/aps_gtr_steel.zones.tsv	Guitar_Steel	Open Sources/Acoustic			../instruments/acoustic_pop_sources/steel_guitar/FSS-SteelStringGuitar-SFZ-20200521/tables/aps_gtr_steel.zones.tsv	59
Samples/instruments/acoustic_pop_sources/nylon_guitar/SpanishClassicalGuitar-SFZ-20190618/tables/aps_gtr_nylon.zones.tsv	Guitar_Nylon	Open Sources/Acoustic			../instruments/acoustic_pop_sources/nylon_guitar/SpanishClassicalGuitar-SFZ-20190618/tables/aps_gtr_nylon.zones.tsv	48
Samples/instruments/acoustic_pop_sources/karoryfer_meatbass/tables/aps_bass_upright_a.zones.tsv	Bass_Upright_A	Open Sources/Acoustic			../instruments/acoustic_pop_sources/karoryfer_meatbass/tables/aps_bass_upright_a.zones.tsv	864
Samples/instruments/acoustic_pop_sources/karoryfer_sneakybass/tables/aps_bass_upright_b.zones.tsv	Bass_Upright_B	Open Sources/Acoustic			../instruments/acoustic_pop_sources/karoryfer_sneakybass/tables/aps_bass_upright_b.zones.tsv	160
Samples/instruments/modern_pop_sources/karoryfer_emilyguitar/tables/emily_clean.zones.tsv	Electric_Guitar	Open Sources/Modern			../instruments/modern_pop_sources/karoryfer_emilyguitar/tables/emily_clean.zones.tsv	251
Samples/instruments/modern_pop_sources/karoryfer_fashionbass/tables/fashionbass.zones.tsv	Electric_Bass	Open Sources/Modern			../instruments/modern_pop_sources/karoryfer_fashionbass/tables/fashionbass.zones.tsv	426
Samples/instruments/modern_pop_sources/vsco_trumpet/tables/vsco_trumpet_sus.zones.tsv	Trumpet	Open Sources/Modern			../instruments/modern_pop_sources/vsco_trumpet/tables/vsco_trumpet_sus.zones.tsv	10
Samples/instruments/modern_pop_sources/vsco_violin/tables/vsco_violin_arco_vib.zones.tsv	Violin	Open Sources/Modern			../instruments/modern_pop_sources/vsco_violin/tables/vsco_violin_arco_vib.zones.tsv	15
Samples/instruments/modern_pop_sources/ukulele_cc0/tables/ukulele_cc0_basic.zones.tsv	Ukulele	Open Sources/Modern			../instruments/modern_pop_sources/ukulele_cc0/tables/ukulele_cc0_basic.zones.tsv	2
Samples/instruments/modern_pop_sources/freepats_rock_organ/RockOrganEmulation-SFZ-20190715/tables/rockorganemulation_20190715.zones.tsv	Rock_Organ	Open Sources/Modern			../instruments/modern_pop_sources/freepats_rock_organ/RockOrganEmulation-SFZ-20190715/tables/rockorganemulation_20190715.zones.tsv	32
Samples/instruments/modern_pop_sources/freepats_tenor_sax/TenorSaxophone-SFZ-20200717/tables/tenorsaxophone_20200717.zones.tsv	Saxophone	Open Sources/Modern			../instruments/modern_pop_sources/freepats_tenor_sax/TenorSaxophone-SFZ-20200717/tables/tenorsaxophone_20200717.zones.tsv	46
Samples/instruments/modern_pop_sources/vsco_flute/tables/vsco_flute_expvib.zones.tsv	Flute	Open Sources/Modern			../instruments/modern_pop_sources/vsco_flute/tables/vsco_flute_expvib.zones.tsv	10
Samples/instruments/modern_pop_sources/vsco_trombone/tables/vsco_trombone_sustain.zones.tsv	Trombone	Open Sources/Modern			../instruments/modern_pop_sources/vsco_trombone/tables/vsco_trombone_sustain.zones.tsv	16
Samples/instruments/Oscillators/SineOscillator/tables/sine_oscillator.zones.tsv	Sine Wave	Electronic			../instruments/Oscillators/SineOscillator/tables/sine_oscillator.zones.tsv	1
Samples/instruments/Oscillators/SawOscillator/tables/saw_oscillator.zones.tsv	Saw Wave	Electronic			../instruments/Oscillators/SawOscillator/tables/saw_oscillator.zones.tsv	1
Samples/instruments/Oscillators/SquareOscillator/tables/square_oscillator.zones.tsv	Square Wave	Electronic			../instruments/Oscillators/SquareOscillator/tables/square_oscillator.zones.tsv	1
